participant,order_index,map_id
p01,0,M0139
p01,1,M0049
p01,2,M0067
p01,3,M0226
p01,4,M0182
p01,5,M0062
p01,6,M0122
p01,7,M0201
p01,8,M0010
p01,9,M0105
p01,10,M0212
p01,11,M0157
p01,12,M0006
p01,13,M0250
p01,14,M0230
p01,15,M0154
p01,16,M0227
p01,17,M0096
p01,18,M0213
p01,19,M0124
p01,20,M0249
p01,21,M0204
p01,22,M0101
p01,23,M0268
p01,24,M0200
p01,25,M0263
p01,26,M0007
p01,27,M0123
p01,28,M0104
p01,29,M0264
p01,30,M0074
p01,31,M0254
p01,32,M0169
p01,33,M0079
p01,34,M0106
p01,35,M0216
p01,36,M0205
p01,37,M0247
p01,38,M0033
p01,39,M0043
p01,40,M0194
p01,41,M0090
p01,42,M0206
p01,43,M0221
p01,44,M0004
p01,45,M0136
p01,46,M0046
p01,47,M0246
p01,48,M0192
p01,49,M0066
p01,50,M0188
p01,51,M0080
p01,52,M0171
p01,53,M0243
p01,54,M0242
p01,55,M0121
p01,56,M0005
p01,57,M0224
p01,58,M0260
p01,59,M0085
p01,60,M0149
p01,61,M0241
p01,62,M0270
p01,63,M0150
p01,64,M0135
p01,65,M0052
p01,66,M0231
p01,67,M0100
p01,68,M0028
p01,69,M0158
p01,70,M0190
p01,71,M0111
p01,72,M0022
p01,73,M0071
p01,74,M0061
p01,75,M0258
p01,76,M0134
p01,77,M0125
p01,78,M0183
p01,79,M0189
p01,80,M0160
p01,81,M0011
p01,82,M0073
p01,83,M0086
p01,84,M0008
p01,85,M0031
p01,86,M0178
p01,87,M0047
p01,88,M0253
p01,89,M0129
p01,90,M0177
p01,91,M0176
p01,92,M0077
p01,93,M0267
p01,94,M0244
p01,95,M0173
p01,96,M0116
p01,97,M0259
p01,98,M0020
p01,99,M0197
p01,100,M0078
p01,101,M0107
p01,102,M0082
p01,103,M0039
p01,104,M0210
p01,105,M0256
p01,106,M0147
p01,107,M0023
p01,108,M0132
p01,109,M0130
p01,110,M0034
p01,111,M0113
p01,112,M0145
p01,113,M0001
p01,114,M0252
p01,115,M0199
p01,116,M0233
p01,117,M0038
p01,118,M0168
p01,119,M0238
p01,120,M0083
p01,121,M0133
p01,122,M0035
p01,123,M0215
p01,124,M0185
p01,125,M0114
p01,126,M0236
p01,127,M0030
p01,128,M0003
p01,129,M0065
p01,130,M0257
p01,131,M0174
p01,132,M0099
p01,133,M0162
p01,134,M0237
p01,135,M0239
p01,136,M0234
p01,137,M0029
p01,138,M0269
p01,139,M0229
p01,140,M0127
p01,141,M0131
p01,142,M0152
p01,143,M0203
p01,144,M0209
p01,145,M0219
p01,146,M0110
p01,147,M0153
p01,148,M0225
p01,149,M0255
p01,150,M0064
p01,151,M0036
p01,152,M0222
p01,153,M0037
p01,154,M0218
p01,155,M0102
p01,156,M0128
p01,157,M0211
p01,158,M0165
p01,159,M0146
p01,160,M0055
p01,161,M0261
p01,162,M0186
p01,163,M0103
p01,164,M0081
p01,165,M0009
p01,166,M0202
p01,167,M0015
p01,168,M0084
p01,169,M0248
p01,170,M0143
p01,171,M0164
p01,172,M0070
p01,173,M0232
p01,174,M0119
p01,175,M0191
p01,176,M0063
p01,177,M0137
p01,178,M0044
p01,179,M0193
p01,180,M0156
p01,181,M0019
p01,182,M0166
p01,183,M0175
p01,184,M0251
p01,185,M0069
p01,186,M0172
p01,187,M0054
p01,188,M0091
p01,189,M0095
p01,190,M0042
p01,191,M0094
p01,192,M0163
p01,193,M0117
p01,194,M0235
p01,195,M0228
p01,196,M0026
p01,197,M0060
p01,198,M0214
p01,199,M0075
p01,200,M0198
p01,201,M0059
p01,202,M0170
p01,203,M0220
p01,204,M0018
p01,205,M0181
p01,206,M0050
p01,207,M0148
p01,208,M0093
p01,209,M0159
p01,210,M0161
p01,211,M0076
p01,212,M0142
p01,213,M0021
p01,214,M0097
p01,215,M0032
p01,216,M0138
p01,217,M0118
p01,218,M0187
p01,219,M0012
p01,220,M0240
p01,221,M0068
p01,222,M0155
p01,223,M0089
p01,224,M0262
p01,225,M0092
p01,226,M0025
p01,227,M0098
p01,228,M0024
p01,229,M0027
p01,230,M0087
p01,231,M0196
p01,232,M0056
p01,233,M0040
p01,234,M0245
p01,235,M0088
p01,236,M0109
p01,237,M0179
p01,238,M0041
p01,239,M0207
p01,240,M0195
p01,241,M0002
p01,242,M0223
p01,243,M0208
p01,244,M0265
p01,245,M0151
p01,246,M0266
p01,247,M0057
p01,248,M0108
p01,249,M0140
p01,250,M0180
p01,251,M0167
p01,252,M0184
p01,253,M0051
p01,254,M0144
p01,255,M0014
p01,256,M0120
p01,257,M0112
p01,258,M0048
p01,259,M0016
p01,260,M0017
p01,261,M0217
p01,262,M0045
p01,263,M0053
p01,264,M0072
p01,265,M0115
p01,266,M0126
p01,267,M0141
p01,268,M0013
p01,269,M0058
p02,0,M0037
p02,1,M0229
p02,2,M0161
p02,3,M0194
p02,4,M0264
p02,5,M0259
p02,6,M0250
p02,7,M0121
p02,8,M0103
p02,9,M0246
p02,10,M0111
p02,11,M0092
p02,12,M0258
p02,13,M0177
p02,14,M0163
p02,15,M0069
p02,16,M0083
p02,17,M0203
p02,18,M0162
p02,19,M0093
p02,20,M0079
p02,21,M0207
p02,22,M0101
p02,23,M0230
p02,24,M0178
p02,25,M0137
p02,26,M0084
p02,27,M0155
p02,28,M0057
p02,29,M0217
p02,30,M0133
p02,31,M0165
p02,32,M0096
p02,33,M0105
p02,34,M0225
p02,35,M0141
p02,36,M0268
p02,37,M0058
p02,38,M0158
p02,39,M0066
p02,40,M0181
p02,41,M0060
p02,42,M0198
p02,43,M0270
p02,44,M0007
p02,45,M0202
p02,46,M0191
p02,47,M0038
p02,48,M0196
p02,49,M0200
p02,50,M0266
p02,51,M0223
p02,52,M0022
p02,53,M0082
p02,54,M0176
p02,55,M0044
p02,56,M0112
p02,57,M0033
p02,58,M0222
p02,59,M0255
p02,60,M0167
p02,61,M0050
p02,62,M0231
p02,63,M0009
p02,64,M0036
p02,65,M0256
p02,66,M0052
p02,67,M0025
p02,68,M0087
p02,69,M0235
p02,70,M0151
p02,71,M0106
p02,72,M0045
p02,73,M0059
p02,74,M0175
p02,75,M0029
p02,76,M0210
p02,77,M0115
p02,78,M0236
p02,79,M0097
p02,80,M0168
p02,81,M0204
p02,82,M0099
p02,83,M0252
p02,84,M0043
p02,85,M0119
p02,86,M0004
p02,87,M0094
p02,88,M0023
p02,89,M0242
p02,90,M0208
p02,91,M0260
p02,92,M0080
p02,93,M0241
p02,94,M0124
p02,95,M0262
p02,96,M0211
p02,97,M0132
p02,98,M0032
p02,99,M0144
p02,100,M0154
p02,101,M0046
p02,102,M0120
p02,103,M0187
p02,104,M0047
p02,105,M0148
p02,106,M0006
p02,107,M0017
p02,108,M0234
p02,109,M0174
p02,110,M0127
p02,111,M0075
p02,112,M0215
p02,113,M0107
p02,114,M0005
p02,115,M0147
p02,116,M0020
p02,117,M0116
p02,118,M0089
p02,119,M0128
p02,120,M0010
p02,121,M0218
p02,122,M0002
p02,123,M0072
p02,124,M0185
p02,125,M0091
p02,126,M0135
p02,127,M0114
p02,128,M0042
p02,129,M0205
p02,130,M0199
p02,131,M0263
p02,132,M0254
p02,133,M0012
p02,134,M0071
p02,135,M0245
p02,136,M0024
p02,137,M0014
p02,138,M0065
p02,139,M0126
p02,140,M0171
p02,141,M0152
p02,142,M0193
p02,143,M0088
p02,144,M0054
p02,145,M0164
p02,146,M0070
p02,147,M0237
p02,148,M0156
p02,149,M0028
p02,150,M0030
p02,151,M0240
p02,152,M0035
p02,153,M0027
p02,154,M0183
p02,155,M0142
p02,156,M0244
p02,157,M0220
p02,158,M0157
p02,159,M0078
p02,160,M0140
p02,161,M0113
p02,162,M0221
p02,163,M0073
p02,164,M0095
p02,165,M0063
p02,166,M0212
p02,167,M0090
p02,168,M0186
p02,169,M0243
p02,170,M0130
p02,171,M0055
p02,172,M0138
p02,173,M0180
p02,174,M0267
p02,175,M0197
p02,176,M0160
p02,177,M0182
p02,178,M0003
p02,179,M0019
p02,180,M0190
p02,181,M0118
p02,182,M0077
p02,183,M0166
p02,184,M0228
p02,185,M0034
p02,186,M0102
p02,187,M0251
p02,188,M0062
p02,189,M0195
p02,190,M0239
p02,191,M0172
p02,192,M0053
p02,193,M0067
p02,194,M0269
p02,195,M0134
p02,196,M0145
p02,197,M0224
p02,198,M0169
p02,199,M0108
p02,200,M0216
p02,201,M0159
p02,202,M0011
p02,203,M0213
p02,204,M0232
p02,205,M0064
p02,206,M0146
p02,207,M0257
p02,208,M0104
p02,209,M0061
p02,210,M0173
p02,211,M0214
p02,212,M0153
p02,213,M0018
p02,214,M0265
p02,215,M0021
p02,216,M0131
p02,217,M0226
p02,218,M0041
p02,219,M0136
p02,220,M0219
p02,221,M0129
p02,222,M0123
p02,223,M0150
p02,224,M0013
p02,225,M0233
p02,226,M0081
p02,227,M0192
p02,228,M0016
p02,229,M0139
p02,230,M0189
p02,231,M0149
p02,232,M0015
p02,233,M0056
p02,234,M0076
p02,235,M0049
p02,236,M0040
p02,237,M0125
p02,238,M0184
p02,239,M0170
p02,240,M0143
p02,241,M0248
p02,242,M0188
p02,243,M0179
p02,244,M0109
p02,245,M0074
p02,246,M0117
p02,247,M0261
p02,248,M0201
p02,249,M0238
p02,250,M0068
p02,251,M0100
p02,252,M0253
p02,253,M0001
p02,254,M0098
p02,255,M0085
p02,256,M0031
p02,257,M0206
p02,258,M0110
p02,259,M0247
p02,260,M0249
p02,261,M0209
p02,262,M0086
p02,263,M0122
p02,264,M0048
p02,265,M0008
p02,266,M0026
p02,267,M0051
p02,268,M0227
p02,269,M0039
p03,0,M0047
p03,1,M0269
p03,2,M0106
p03,3,M0092
p03,4,M0043
p03,5,M0224
p03,6,M0215
p03,7,M0245
p03,8,M0084
p03,9,M0056
p03,10,M0096
p03,11,M0010
p03,12,M0226
p03,13,M0101
p03,14,M0181
p03,15,M0253
p03,16,M0030
p03,17,M0151
p03,18,M0264
p03,19,M0075
p03,20,M0262
p03,21,M0201
p03,22,M0121
p03,23,M0065
p03,24,M0240
p03,25,M0066
p03,26,M0230
p03,27,M0176
p03,28,M0081
p03,29,M0094
p03,30,M0178
p03,31,M0027
p03,32,M0266
p03,33,M0068
p03,34,M0124
p03,35,M0145
p03,36,M0140
p03,37,M0072
p03,38,M0267
p03,39,M0023
p03,40,M0078
p03,41,M0097
p03,42,M0128
p03,43,M0158
p03,44,M0235
p03,45,M0166
p03,46,M0211
p03,47,M0129
p03,48,M0146
p03,49,M0180
p03,50,M0183
p03,51,M0213
p03,52,M0005
p03,53,M0234
p03,54,M0202
p03,55,M0079
p03,56,M0025
p03,57,M0095
p03,58,M0037
p03,59,M0137
p03,60,M0249
p03,61,M0149
p03,62,M0212
p03,63,M0014
p03,64,M0268
p03,65,M0160
p03,66,M0111
p03,67,M0220
p03,68,M0048
p03,69,M0138
p03,70,M0104
p03,71,M0182
p03,72,M0015
p03,73,M0089
p03,74,M0194
p03,75,M0031
p03,76,M0167
p03,77,M0088
p03,78,M0026
p03,79,M0270
p03,80,M0252
p03,81,M0142
p03,82,M0009
p03,83,M0029
p03,84,M0045
p03,85,M0102
p03,86,M0131
p03,87,M0003
p03,88,M0261
p03,89,M0192
p03,90,M0033
p03,91,M0054
p03,92,M0256
p03,93,M0190
p03,94,M0126
p03,95,M0265
p03,96,M0059
p03,97,M0206
p03,98,M0042
p03,99,M0049
p03,100,M0034
p03,101,M0254
p03,102,M0241
p03,103,M0118
p03,104,M0018
p03,105,M0154
p03,106,M0083
p03,107,M0011
p03,108,M0186
p03,109,M0150
p03,110,M0247
p03,111,M0076
p03,112,M0233
p03,113,M0004
p03,114,M0069
p03,115,M0236
p03,116,M0188
p03,117,M0185
p03,118,M0135
p03,119,M0248
p03,120,M0093
p03,121,M0052
p03,122,M0214
p03,123,M0087
p03,124,M0244
p03,125,M0250
p03,126,M0219
p03,127,M0008
p03,128,M0205
p03,129,M0112
p03,130,M0175
p03,131,M0237
p03,132,M0172
p03,133,M0203
p03,134,M0251
p03,135,M0225
p03,136,M0077
p03,137,M0091
p03,138,M0209
p03,139,M0123
p03,140,M0098
p03,141,M0006
p03,142,M0100
p03,143,M0263
p03,144,M0053
p03,145,M0016
p03,146,M0152
p03,147,M0120
p03,148,M0191
p03,149,M0085
p03,150,M0105
p03,151,M0222
p03,152,M0017
p03,153,M0055
p03,154,M0040
p03,155,M0216
p03,156,M0060
p03,157,M0039
p03,158,M0036
p03,159,M0021
p03,160,M0139
p03,161,M0187
p03,162,M0242
p03,163,M0070
p03,164,M0238
p03,165,M0074
p03,166,M0020
p03,167,M0113
p03,168,M0174
p03,169,M0062
p03,170,M0161
p03,171,M0125
p03,172,M0134
p03,173,M0071
p03,174,M0164
p03,175,M0196
p03,176,M0067
p03,177,M0116
p03,178,M0228
p03,179,M0041
p03,180,M0115
p03,181,M0141
p03,182,M0257
p03,183,M0130
p03,184,M0258
p03,185,M0114
p03,186,M0082
p03,187,M0153
p03,188,M0144
p03,189,M0136
p03,190,M0171
p03,191,M0199
p03,192,M0035
p03,193,M0223
p03,194,M0032
p03,195,M0064
p03,196,M0143
p03,197,M0013
p03,198,M0119
p03,199,M0133
p03,200,M0217
p03,201,M0046
p03,202,M0057
p03,203,M0109
p03,204,M0200
p03,205,M0028
p03,206,M0198
p03,207,M0260
p03,208,M0002
p03,209,M0177
p03,210,M0168
p03,211,M0232
p03,212,M0229
p03,213,M0103
p03,214,M0127
p03,215,M0099
p03,216,M0179
p03,217,M0184
p03,218,M0050
p03,219,M0148
p03,220,M0162
p03,221,M0107
p03,222,M0117
p03,223,M0019
p03,224,M0197
p03,225,M0218
p03,226,M0157
p03,227,M0122
p03,228,M0063
p03,229,M0012
p03,230,M0007
p03,231,M0038
p03,232,M0051
p03,233,M0207
p03,234,M0058
p03,235,M0080
p03,236,M0173
p03,237,M0061
p03,238,M0193
p03,239,M0210
p03,240,M0024
p03,241,M0086
p03,242,M0159
p03,243,M0163
p03,244,M0170
p03,245,M0132
p03,246,M0073
p03,247,M0022
p03,248,M0169
p03,249,M0044
p03,250,M0189
p03,251,M0255
p03,252,M0246
p03,253,M0231
p03,254,M0204
p03,255,M0243
p03,256,M0110
p03,257,M0259
p03,258,M0227
p03,259,M0239
p03,260,M0165
p03,261,M0221
p03,262,M0108
p03,263,M0147
p03,264,M0156
p03,265,M0001
p03,266,M0208
p03,267,M0155
p03,268,M0090
p03,269,M0195
p04,0,M0047
p04,1,M0099
p04,2,M0131
p04,3,M0240
p04,4,M0118
p04,5,M0266
p04,6,M0253
p04,7,M0072
p04,8,M0256
p04,9,M0049
p04,10,M0013
p04,11,M0140
p04,12,M0224
p04,13,M0197
p04,14,M0214
p04,15,M0171
p04,16,M0009
p04,17,M0025
p04,18,M0125
p04,19,M0084
p04,20,M0086
p04,21,M0097
p04,22,M0158
p04,23,M0160
p04,24,M0267
p04,25,M0002
p04,26,M0157
p04,27,M0226
p04,28,M0132
p04,29,M0235
p04,30,M0189
p04,31,M0128
p04,32,M0074
p04,33,M0242
p04,34,M0112
p04,35,M0162
p04,36,M0193
p04,37,M0108
p04,38,M0080
p04,39,M0069
p04,40,M0036
p04,41,M0237
p04,42,M0231
p04,43,M0179
p04,44,M0154
p04,45,M0051
p04,46,M0260
p04,47,M0007
p04,48,M0043
p04,49,M0146
p04,50,M0092
p04,51,M0261
p04,52,M0066
p04,53,M0150
p04,54,M0067
p04,55,M0032
p04,56,M0127
p04,57,M0129
p04,58,M0028
p04,59,M0230
p04,60,M0245
p04,61,M0018
p04,62,M0232
p04,63,M0208
p04,64,M0207
p04,65,M0023
p04,66,M0106
p04,67,M0082
p04,68,M0003
p04,69,M0243
p04,70,M0200
p04,71,M0174
p04,72,M0236
p04,73,M0042
p04,74,M0204
p04,75,M0258
p04,76,M0011
p04,77,M0087
p04,78,M0199
p04,79,M0100
p04,80,M0165
p04,81,M0096
p04,82,M0052
p04,83,M0155
p04,84,M0216
p04,85,M0139
p04,86,M0238
p04,87,M0220
p04,88,M0172
p04,89,M0202
p04,90,M0040
p04,91,M0152
p04,92,M0008
p04,93,M0169
p04,94,M0159
p04,95,M0035
p04,96,M0130
p04,97,M0083
p04,98,M0029
p04,99,M0219
p04,100,M0269
p04,101,M0228
p04,102,M0209
p04,103,M0161
p04,104,M0223
p04,105,M0192
p04,106,M0212
p04,107,M0102
p04,108,M0101
p04,109,M0034
p04,110,M0120
p04,111,M0168
p04,112,M0010
p04,113,M0210
p04,114,M0111
p04,115,M0090
p04,116,M0119
p04,117,M0222
p04,118,M0037
p04,119,M0163
p04,120,M0241
p04,121,M0038
p04,122,M0061
p04,123,M0221
p04,124,M0227
p04,125,M0270
p04,126,M0053
p04,127,M0001
p04,128,M0262
p04,129,M0020
p04,130,M0045
p04,131,M0249
p04,132,M0041
p04,133,M0021
p04,134,M0068
p04,135,M0055
p04,136,M0054
p04,137,M0194
p04,138,M0016
p04,139,M0218
p04,140,M0110
p04,141,M0077
p04,142,M0114
p04,143,M0116
p04,144,M0257
p04,145,M0134
p04,146,M0058
p04,147,M0107
p04,148,M0251
p04,149,M0211
p04,150,M0064
p04,151,M0022
p04,152,M0188
p04,153,M0145
p04,154,M0156
p04,155,M0039
p04,156,M0246
p04,157,M0148
p04,158,M0019
p04,159,M0176
p04,160,M0103
p04,161,M0017
p04,162,M0030
p04,163,M0233
p04,164,M0217
p04,165,M0181
p04,166,M0206
p04,167,M0088
p04,168,M0113
p04,169,M0123
p04,170,M0121
p04,171,M0198
p04,172,M0147
p04,173,M0187
p04,174,M0027
p04,175,M0244
p04,176,M0164
p04,177,M0184
p04,178,M0075
p04,179,M0229
p04,180,M0014
p04,181,M0012
p04,182,M0201
p04,183,M0033
p04,184,M0137
p04,185,M0263
p04,186,M0004
p04,187,M0078
p04,188,M0046
p04,189,M0093
p04,190,M0059
p04,191,M0239
p04,192,M0205
p04,193,M0026
p04,194,M0073
p04,195,M0153
p04,196,M0135
p04,197,M0265
p04,198,M0151
p04,199,M0186
p04,200,M0071
p04,201,M0124
p04,202,M0190
p04,203,M0056
p04,204,M0213
p04,205,M0048
p04,206,M0248
p04,207,M0196
p04,208,M0138
p04,209,M0225
p04,210,M0215
p04,211,M0081
p04,212,M0050
p04,213,M0268
p04,214,M0031
p04,215,M0060
p04,216,M0065
p04,217,M0234
p04,218,M0070
p04,219,M0117
p04,220,M0180
p04,221,M0091
p04,222,M0085
p04,223,M0141
p04,224,M0191
p04,225,M0264
p04,226,M0089
p04,227,M0136
p04,228,M0259
p04,229,M0247
p04,230,M0095
p04,231,M0149
p04,232,M0170
p04,233,M0079
p04,234,M0063
p04,235,M0178
p04,236,M0104
p04,237,M0057
p04,238,M0076
p04,239,M0024
p04,240,M0005
p04,241,M0203
p04,242,M0115
p04,243,M0252
p04,244,M0183
p04,245,M0166
p04,246,M0122
p04,247,M0177
p04,248,M0255
p04,249,M0195
p04,250,M0143
p04,251,M0126
p04,252,M0105
p04,253,M0185
p04,254,M0062
p04,255,M0044
p04,256,M0098
p04,257,M0006
p04,258,M0142
p04,259,M0144
p04,260,M0175
p04,261,M0133
p04,262,M0182
p04,263,M0109
p04,264,M0250
p04,265,M0094
p04,266,M0167
p04,267,M0254
p04,268,M0015
p04,269,M0173
p05,0,M0028
p05,1,M0081
p05,2,M0065
p05,3,M0023
p05,4,M0054
p05,5,M0228
p05,6,M0100
p05,7,M0144
p05,8,M0197
p05,9,M0208
p05,10,M0163
p05,11,M0177
p05,12,M0108
p05,13,M0123
p05,14,M0224
p05,15,M0110
p05,16,M0052
p05,17,M0053
p05,18,M0243
p05,19,M0016
p05,20,M0239
p05,21,M0263
p05,22,M0182
p05,23,M0165
p05,24,M0189
p05,25,M0249
p05,26,M0214
p05,27,M0104
p05,28,M0101
p05,29,M0032
p05,30,M0175
p05,31,M0120
p05,32,M0217
p05,33,M0265
p05,34,M0058
p05,35,M0233
p05,36,M0041
p05,37,M0072
p05,38,M0056
p05,39,M0118
p05,40,M0172
p05,41,M0146
p05,42,M0231
p05,43,M0235
p05,44,M0080
p05,45,M0227
p05,46,M0022
p05,47,M0229
p05,48,M0019
p05,49,M0133
p05,50,M0067
p05,51,M0011
p05,52,M0094
p05,53,M0075
p05,54,M0034
p05,55,M0156
p05,56,M0246
p05,57,M0238
p05,58,M0009
p05,59,M0221
p05,60,M0066
p05,61,M0027
p05,62,M0270
p05,63,M0042
p05,64,M0091
p05,65,M0148
p05,66,M0017
p05,67,M0210
p05,68,M0005
p05,69,M0155
p05,70,M0178
p05,71,M0006
p05,72,M0013
p05,73,M0173
p05,74,M0180
p05,75,M0025
p05,76,M0029
p05,77,M0095
p05,78,M0212
p05,79,M0030
p05,80,M0183
p05,81,M0064
p05,82,M0078
p05,83,M0007
p05,84,M0232
p05,85,M0200
p05,86,M0036
p05,87,M0051
p05,88,M0247
p05,89,M0003
p05,90,M0093
p05,91,M0090
p05,92,M0141
p05,93,M0143
p05,94,M0046
p05,95,M0158
p05,96,M0264
p05,97,M0031
p05,98,M0014
p05,99,M0132
p05,100,M0050
p05,101,M0153
p05,102,M0109
p05,103,M0164
p05,104,M0220
p05,105,M0240
p05,106,M0055
p05,107,M0193
p05,108,M0194
p05,109,M0145
p05,110,M0184
p05,111,M0057
p05,112,M0162
p05,113,M0134
p05,114,M0070
p05,115,M0174
p05,116,M0251
p05,117,M0176
p05,118,M0190
p05,119,M0103
p05,120,M0269
p05,121,M0002
p05,122,M0218
p05,123,M0225
p05,124,M0157
p05,125,M0201
p05,126,M0166
p05,127,M0119
p05,128,M0206
p05,129,M0205
p05,130,M0128
p05,131,M0209
p05,132,M0171
p05,133,M0216
p05,134,M0045
p05,135,M0044
p05,136,M0047
p05,137,M0204
p05,138,M0136
p05,139,M0063
p05,140,M0254
p05,141,M0111
p05,142,M0096
p05,143,M0092
p05,144,M0076
p05,145,M0015
p05,146,M0084
p05,147,M0241
p05,148,M0008
p05,149,M0230
p05,150,M0043
p05,151,M0114
p05,152,M0250
p05,153,M0185
p05,154,M0112
p05,155,M0024
p05,156,M0268
p05,157,M0074
p05,158,M0266
p05,159,M0244
p05,160,M0159
p05,161,M0259
p05,162,M0139
p05,163,M0257
p05,164,M0161
p05,165,M0267
p05,166,M0258
p05,167,M0137
p05,168,M0188
p05,169,M0021
p05,170,M0195
p05,171,M0102
p05,172,M0160
p05,173,M0087
p05,174,M0068
p05,175,M0121
p05,176,M0020
p05,177,M0040
p05,178,M0168
p05,179,M0105
p05,180,M0037
p05,181,M0004
p05,182,M0260
p05,183,M0135
p05,184,M0187
p05,185,M0113
p05,186,M0026
p05,187,M0085
p05,188,M0152
p05,189,M0129
p05,190,M0033
p05,191,M0010
p05,192,M0127
p05,193,M0223
p05,194,M0167
p05,195,M0170
p05,196,M0207
p05,197,M0098
p05,198,M0181
p05,199,M0122
p05,200,M0191
p05,201,M0082
p05,202,M0012
p05,203,M0106
p05,204,M0199
p05,205,M0060
p05,206,M0253
p05,207,M0147
p05,208,M0062
p05,209,M0179
p05,210,M0252
p05,211,M0083
p05,212,M0117
p05,213,M0097
p05,214,M0262
p05,215,M0196
p05,216,M0255
p05,217,M0086
p05,218,M0089
p05,219,M0124
p05,220,M0138
p05,221,M0115
p05,222,M0039
p05,223,M0245
p05,224,M0126
p05,225,M0169
p05,226,M0149
p05,227,M0151
p05,228,M0215
p05,229,M0077
p05,230,M0186
p05,231,M0073
p05,232,M0001
p05,233,M0211
p05,234,M0069
p05,235,M0130
p05,236,M0202
p05,237,M0088
p05,238,M0107
p05,239,M0219
p05,240,M0203
p05,241,M0198
p05,242,M0071
p05,243,M0018
p05,244,M0222
p05,245,M0035
p05,246,M0226
p05,247,M0192
p05,248,M0131
p05,249,M0154
p05,250,M0236
p05,251,M0049
p05,252,M0099
p05,253,M0038
p05,254,M0142
p05,255,M0234
p05,256,M0125
p05,257,M0242
p05,258,M0248
p05,259,M0213
p05,260,M0140
p05,261,M0261
p05,262,M0150
p05,263,M0256
p05,264,M0079
p05,265,M0061
p05,266,M0237
p05,267,M0059
p05,268,M0116
p05,269,M0048
p06,0,M0105
p06,1,M0125
p06,2,M0156
p06,3,M0256
p06,4,M0064
p06,5,M0003
p06,6,M0052
p06,7,M0172
p06,8,M0089
p06,9,M0023
p06,10,M0238
p06,11,M0224
p06,12,M0120
p06,13,M0067
p06,14,M0042
p06,15,M0210
p06,16,M0184
p06,17,M0066
p06,18,M0047
p06,19,M0154
p06,20,M0239
p06,21,M0137
p06,22,M0094
p06,23,M0253
p06,24,M0075
p06,25,M0031
p06,26,M0147
p06,27,M0099
p06,28,M0050
p06,29,M0138
p06,30,M0091
p06,31,M0261
p06,32,M0206
p06,33,M0039
p06,34,M0058
p06,35,M0073
p06,36,M0069
p06,37,M0262
p06,38,M0146
p06,39,M0155
p06,40,M0148
p06,41,M0187
p06,42,M0179
p06,43,M0022
p06,44,M0246
p06,45,M0027
p06,46,M0143
p06,47,M0173
p06,48,M0195
p06,49,M0265
p06,50,M0228
p06,51,M0002
p06,52,M0127
p06,53,M0167
p06,54,M0236
p06,55,M0189
p06,56,M0149
p06,57,M0101
p06,58,M0193
p06,59,M0010
p06,60,M0113
p06,61,M0157
p06,62,M0205
p06,63,M0264
p06,64,M0044
p06,65,M0090
p06,66,M0269
p06,67,M0234
p06,68,M0150
p06,69,M0035
p06,70,M0194
p06,71,M0079
p06,72,M0128
p06,73,M0082
p06,74,M0168
p06,75,M0036
p06,76,M0015
p06,77,M0109
p06,78,M0241
p06,79,M0188
p06,80,M0270
p06,81,M0198
p06,82,M0062
p06,83,M0180
p06,84,M0159
p06,85,M0200
p06,86,M0074
p06,87,M0186
p06,88,M0097
p06,89,M0040
p06,90,M0077
p06,91,M0037
p06,92,M0217
p06,93,M0178
p06,94,M0232
p06,95,M0100
p06,96,M0046
p06,97,M0220
p06,98,M0163
p06,99,M0171
p06,100,M0043
p06,101,M0177
p06,102,M0183
p06,103,M0221
p06,104,M0230
p06,105,M0072
p06,106,M0248
p06,107,M0104
p06,108,M0124
p06,109,M0247
p06,110,M0096
p06,111,M0227
p06,112,M0201
p06,113,M0133
p06,114,M0011
p06,115,M0131
p06,116,M0197
p06,117,M0009
p06,118,M0192
p06,119,M0119
p06,120,M0088
p06,121,M0020
p06,122,M0162
p06,123,M0048
p06,124,M0191
p06,125,M0225
p06,126,M0041
p06,127,M0160
p06,128,M0081
p06,129,M0025
p06,130,M0107
p06,131,M0161
p06,132,M0259
p06,133,M0087
p06,134,M0106
p06,135,M0059
p06,136,M0174
p06,137,M0216
p06,138,M0237
p06,139,M0182
p06,140,M0249
p06,141,M0111
p06,142,M0130
p06,143,M0235
p06,144,M0076
p06,145,M0136
p06,146,M0098
p06,147,M0084
p06,148,M0141
p06,149,M0204
p06,150,M0185
p06,151,M0181
p06,152,M0203
p06,153,M0257
p06,154,M0021
p06,155,M0019
p06,156,M0254
p06,157,M0126
p06,158,M0175
p06,159,M0110
p06,160,M0103
p06,161,M0123
p06,162,M0242
p06,163,M0008
p06,164,M0245
p06,165,M0118
p06,166,M0078
p06,167,M0134
p06,168,M0169
p06,169,M0012
p06,170,M0158
p06,171,M0057
p06,172,M0129
p06,173,M0116
p06,174,M0028
p06,175,M0152
p06,176,M0132
p06,177,M0250
p06,178,M0115
p06,179,M0122
p06,180,M0258
p06,181,M0030
p06,182,M0135
p06,183,M0108
p06,184,M0223
p06,185,M0014
p06,186,M0068
p06,187,M0212
p06,188,M0005
p06,189,M0083
p06,190,M0214
p06,191,M0252
p06,192,M0243
p06,193,M0004
p06,194,M0207
p06,195,M0007
p06,196,M0267
p06,197,M0029
p06,198,M0045
p06,199,M0065
p06,200,M0139
p06,201,M0034
p06,202,M0208
p06,203,M0240
p06,204,M0001
p06,205,M0229
p06,206,M0222
p06,207,M0038
p06,208,M0268
p06,209,M0085
p06,210,M0060
p06,211,M0260
p06,212,M0056
p06,213,M0151
p06,214,M0054
p06,215,M0142
p06,216,M0196
p06,217,M0263
p06,218,M0018
p06,219,M0053
p06,220,M0145
p06,221,M0226
p06,222,M0033
p06,223,M0063
p06,224,M0086
p06,225,M0202
p06,226,M0013
p06,227,M0006
p06,228,M0153
p06,229,M0164
p06,230,M0165
p06,231,M0055
p06,232,M0170
p06,233,M0024
p06,234,M0117
p06,235,M0211
p06,236,M0218
p06,237,M0032
p06,238,M0049
p06,239,M0071
p06,240,M0102
p06,241,M0016
p06,242,M0092
p06,243,M0166
p06,244,M0231
p06,245,M0140
p06,246,M0095
p06,247,M0176
p06,248,M0026
p06,249,M0093
p06,250,M0219
p06,251,M0061
p06,252,M0244
p06,253,M0255
p06,254,M0114
p06,255,M0112
p06,256,M0266
p06,257,M0017
p06,258,M0144
p06,259,M0209
p06,260,M0251
p06,261,M0051
p06,262,M0213
p06,263,M0080
p06,264,M0215
p06,265,M0190
p06,266,M0233
p06,267,M0199
p06,268,M0070
p06,269,M0121
p07,0,M0002
p07,1,M0230
p07,2,M0239
p07,3,M0092
p07,4,M0256
p07,5,M0042
p07,6,M0070
p07,7,M0008
p07,8,M0001
p07,9,M0267
p07,10,M0251
p07,11,M0223
p07,12,M0268
p07,13,M0215
p07,14,M0123
p07,15,M0014
p07,16,M0264
p07,17,M0082
p07,18,M0111
p07,19,M0031
p07,20,M0132
p07,21,M0060
p07,22,M0058
p07,23,M0052
p07,24,M0167
p07,25,M0205
p07,26,M0056
p07,27,M0032
p07,28,M0209
p07,29,M0026
p07,30,M0189
p07,31,M0243
p07,32,M0157
p07,33,M0036
p07,34,M0097
p07,35,M0249
p07,36,M0140
p07,37,M0073
p07,38,M0138
p07,39,M0216
p07,40,M0139
p07,41,M0096
p07,42,M0269
p07,43,M0176
p07,44,M0137
p07,45,M0065
p07,46,M0069
p07,47,M0141
p07,48,M0222
p07,49,M0193
p07,50,M0059
p07,51,M0208
p07,52,M0128
p07,53,M0076
p07,54,M0034
p07,55,M0202
p07,56,M0054
p07,57,M0035
p07,58,M0108
p07,59,M0106
p07,60,M0126
p07,61,M0244
p07,62,M0079
p07,63,M0197
p07,64,M0158
p07,65,M0117
p07,66,M0172
p07,67,M0029
p07,68,M0025
p07,69,M0226
p07,70,M0171
p07,71,M0227
p07,72,M0153
p07,73,M0109
p07,74,M0089
p07,75,M0003
p07,76,M0047
p07,77,M0196
p07,78,M0055
p07,79,M0012
p07,80,M0068
p07,81,M0105
p07,82,M0101
p07,83,M0183
p07,84,M0181
p07,85,M0248
p07,86,M0156
p07,87,M0143
p07,88,M0150
p07,89,M0017
p07,90,M0263
p07,91,M0098
p07,92,M0203
p07,93,M0238
p07,94,M0192
p07,95,M0134
p07,96,M0169
p07,97,M0240
p07,98,M0242
p07,99,M0133
p07,100,M0225
p07,101,M0154
p07,102,M0218
p07,103,M0085
p07,104,M0231
p07,105,M0033
p07,106,M0125
p07,107,M0124
p07,108,M0120
p07,109,M0072
p07,110,M0013
p07,111,M0170
p07,112,M0009
p07,113,M0043
p07,114,M0144
p07,115,M0245
p07,116,M0220
p07,117,M0007
p07,118,M0077
p07,119,M0228
p07,120,M0233
p07,121,M0100
p07,122,M0053
p07,123,M0253
p07,124,M0259
p07,125,M0234
p07,126,M0048
p07,127,M0094
p07,128,M0041
p07,129,M0207
p07,130,M0173
p07,131,M0064
p07,132,M0247
p07,133,M0194
p07,134,M0201
p07,135,M0261
p07,136,M0088
p07,137,M0198
p07,138,M0146
p07,139,M0016
p07,140,M0174
p07,141,M0129
p07,142,M0122
p07,143,M0232
p07,144,M0049
p07,145,M0235
p07,146,M0011
p07,147,M0142
p07,148,M0184
p07,149,M0178
p07,150,M0099
p07,151,M0179
p07,152,M0024
p07,153,M0190
p07,154,M0074
p07,155,M0095
p07,156,M0180
p07,157,M0010
p07,158,M0116
p07,159,M0186
p07,160,M0219
p07,161,M0019
p07,162,M0130
p07,163,M0091
p07,164,M0015
p07,165,M0152
p07,166,M0071
p07,167,M0078
p07,168,M0162
p07,169,M0114
p07,170,M0121
p07,171,M0018
p07,172,M0113
p07,173,M0039
p07,174,M0250
p07,175,M0188
p07,176,M0083
p07,177,M0160
p07,178,M0210
p07,179,M0165
p07,180,M0185
p07,181,M0175
p07,182,M0115
p07,183,M0149
p07,184,M0145
p07,185,M0119
p07,186,M0127
p07,187,M0161
p07,188,M0046
p07,189,M0212
p07,190,M0270
p07,191,M0040
p07,192,M0155
p07,193,M0045
p07,194,M0051
p07,195,M0066
p07,196,M0214
p07,197,M0027
p07,198,M0061
p07,199,M0038
p07,200,M0166
p07,201,M0187
p07,202,M0258
p07,203,M0265
p07,204,M0199
p07,205,M0050
p07,206,M0211
p07,207,M0136
p07,208,M0241
p07,209,M0163
p07,210,M0131
p07,211,M0252
p07,212,M0237
p07,213,M0200
p07,214,M0086
p07,215,M0057
p07,216,M0087
p07,217,M0191
p07,218,M0080
p07,219,M0102
p07,220,M0021
p07,221,M0135
p07,222,M0103
p07,223,M0151
p07,224,M0229
p07,225,M0063
p07,226,M0028
p07,227,M0217
p07,228,M0112
p07,229,M0023
p07,230,M0093
p07,231,M0177
p07,232,M0213
p07,233,M0254
p07,234,M0159
p07,235,M0206
p07,236,M0044
p07,237,M0084
p07,238,M0006
p07,239,M0246
p07,240,M0030
p07,241,M0075
p07,242,M0107
p07,243,M0164
p07,244,M0260
p07,245,M0104
p07,246,M0147
p07,247,M0110
p07,248,M0148
p07,249,M0081
p07,250,M0266
p07,251,M0020
p07,252,M0236
p07,253,M0262
p07,254,M0005
p07,255,M0224
p07,256,M0022
p07,257,M0204
p07,258,M0037
p07,259,M0182
p07,260,M0257
p07,261,M0118
p07,262,M0195
p07,263,M0067
p07,264,M0090
p07,265,M0221
p07,266,M0255
p07,267,M0004
p07,268,M0062
p07,269,M0168
p08,0,M0206
p08,1,M0031
p08,2,M0186
p08,3,M0217
p08,4,M0104
p08,5,M0254
p08,6,M0169
p08,7,M0088
p08,8,M0159
p08,9,M0139
p08,10,M0166
p08,11,M0041
p08,12,M0077
p08,13,M0133
p08,14,M0073
p08,15,M0053
p08,16,M0246
p08,17,M0188
p08,18,M0155
p08,19,M0059
p08,20,M0051
p08,21,M0020
p08,22,M0120
p08,23,M0015
p08,24,M0023
p08,25,M0256
p08,26,M0033
p08,27,M0117
p08,28,M0068
p08,29,M0197
p08,30,M0030
p08,31,M0134
p08,32,M0207
p08,33,M0137
p08,34,M0265
p08,35,M0072
p08,36,M0060
p08,37,M0185
p08,38,M0101
p08,39,M0244
p08,40,M0069
p08,41,M0034
p08,42,M0243
p08,43,M0054
p08,44,M0209
p08,45,M0049
p08,46,M0131
p08,47,M0210
p08,48,M0211
p08,49,M0228
p08,50,M0071
p08,51,M0218
p08,52,M0063
p08,53,M0124
p08,54,M0125
p08,55,M0261
p08,56,M0175
p08,57,M0192
p08,58,M0204
p08,59,M0226
p08,60,M0202
p08,61,M0009
p08,62,M0003
p08,63,M0079
p08,64,M0019
p08,65,M0004
p08,66,M0223
p08,67,M0221
p08,68,M0144
p08,69,M0270
p08,70,M0198
p08,71,M0247
p08,72,M0230
p08,73,M0095
p08,74,M0145
p08,75,M0168
p08,76,M0126
p08,77,M0182
p08,78,M0260
p08,79,M0177
p08,80,M0127
p08,81,M0098
p08,82,M0248
p08,83,M0040
p08,84,M0150
p08,85,M0085
p08,86,M0090
p08,87,M0216
p08,88,M0258
p08,89,M0042
p08,90,M0238
p08,91,M0070
p08,92,M0106
p08,93,M0208
p08,94,M0112
p08,95,M0251
p08,96,M0055
p08,97,M0094
p08,98,M0173
p08,99,M0116
p08,100,M0067
p08,101,M0113
p08,102,M0105
p08,103,M0157
p08,104,M0064
p08,105,M0024
p08,106,M0044
p08,107,M0050
p08,108,M0057
p08,109,M0194
p08,110,M0219
p08,111,M0220
p08,112,M0180
p08,113,M0103
p08,114,M0016
p08,115,M0143
p08,116,M0269
p08,117,M0084
p08,118,M0170
p08,119,M0007
p08,120,M0245
p08,121,M0111
p08,122,M0046
p08,123,M0189
p08,124,M0025
p08,125,M0268
p08,126,M0097
p08,127,M0154
p08,128,M0161
p08,129,M0122
p08,130,M0255
p08,131,M0193
p08,132,M0080
p08,133,M0081
p08,134,M0011
p08,135,M0196
p08,136,M0151
p08,137,M0052
p08,138,M0264
p08,139,M0236
p08,140,M0201
p08,141,M0200
p08,142,M0152
p08,143,M0262
p08,144,M0123
p08,145,M0119
p08,146,M0045
p08,147,M0087
p08,148,M0178
p08,149,M0190
p08,150,M0165
p08,151,M0035
p08,152,M0240
p08,153,M0149
p08,154,M0027
p08,155,M0242
p08,156,M0089
p08,157,M0174
p08,158,M0092
p08,159,M0229
p08,160,M0065
p08,161,M0249
p08,162,M0241
p08,163,M0163
p08,164,M0012
p08,165,M0227
p08,166,M0100
p08,167,M0006
p08,168,M0142
p08,169,M0232
p08,170,M0130
p08,171,M0267
p08,172,M0176
p08,173,M0018
p08,174,M0093
p08,175,M0135
p08,176,M0022
p08,177,M0172
p08,178,M0171
p08,179,M0048
p08,180,M0107
p08,181,M0147
p08,182,M0191
p08,183,M0091
p08,184,M0225
p08,185,M0001
p08,186,M0110
p08,187,M0075
p08,188,M0037
p08,189,M0184
p08,190,M0205
p08,191,M0148
p08,192,M0132
p08,193,M0162
p08,194,M0222
p08,195,M0138
p08,196,M0153
p08,197,M0128
p08,198,M0212
p08,199,M0017
p08,200,M0118
p08,201,M0160
p08,202,M0164
p08,203,M0108
p08,204,M0062
p08,205,M0013
p08,206,M0032
p08,207,M0078
p08,208,M0252
p08,209,M0235
p08,210,M0199
p08,211,M0029
p08,212,M0109
p08,213,M0136
p08,214,M0156
p08,215,M0187
p08,216,M0141
p08,217,M0039
p08,218,M0214
p08,219,M0056
p08,220,M0066
p08,221,M0005
p08,222,M0250
p08,223,M0002
p08,224,M0158
p08,225,M0115
p08,226,M0233
p08,227,M0181
p08,228,M0195
p08,229,M0237
p08,230,M0234
p08,231,M0259
p08,232,M0121
p08,233,M0257
p08,234,M0074
p08,235,M0010
p08,236,M0036
p08,237,M0038
p08,238,M0203
p08,239,M0086
p08,240,M0167
p08,241,M0183
p08,242,M0215
p08,243,M0026
p08,244,M0239
p08,245,M0082
p08,246,M0008
p08,247,M0058
p08,248,M0253
p08,249,M0021
p08,250,M0099
p08,251,M0061
p08,252,M0096
p08,253,M0129
p08,254,M0102
p08,255,M0028
p08,256,M0213
p08,257,M0014
p08,258,M0179
p08,259,M0266
p08,260,M0114
p08,261,M0047
p08,262,M0224
p08,263,M0076
p08,264,M0263
p08,265,M0231
p08,266,M0140
p08,267,M0083
p08,268,M0043
p08,269,M0146
p09,0,M0171
p09,1,M0048
p09,2,M0101
p09,3,M0255
p09,4,M0150
p09,5,M0038
p09,6,M0055
p09,7,M0216
p09,8,M0100
p09,9,M0263
p09,10,M0222
p09,11,M0109
p09,12,M0005
p09,13,M0170
p09,14,M0029
p09,15,M0127
p09,16,M0177
p09,17,M0092
p09,18,M0004
p09,19,M0035
p09,20,M0249
p09,21,M0001
p09,22,M0121
p09,23,M0172
p09,24,M0199
p09,25,M0023
p09,26,M0112
p09,27,M0085
p09,28,M0190
p09,29,M0027
p09,30,M0146
p09,31,M0257
p09,32,M0020
p09,33,M0079
p09,34,M0183
p09,35,M0076
p09,36,M0114
p09,37,M0193
p09,38,M0091
p09,39,M0237
p09,40,M0086
p09,41,M0030
p09,42,M0118
p09,43,M0254
p09,44,M0125
p09,45,M0196
p09,46,M0009
p09,47,M0057
p09,48,M0070
p09,49,M0154
p09,50,M0228
p09,51,M0162
p09,52,M0202
p09,53,M0039
p09,54,M0143
p09,55,M0094
p09,56,M0049
p09,57,M0139
p09,58,M0258
p09,59,M0022
p09,60,M0264
p09,61,M0226
p09,62,M0026
p09,63,M0131
p09,64,M0017
p09,65,M0157
p09,66,M0036
p09,67,M0212
p09,68,M0168
p09,69,M0050
p09,70,M0010
p09,71,M0090
p09,72,M0203
p09,73,M0178
p09,74,M0126
p09,75,M0265
p09,76,M0209
p09,77,M0097
p09,78,M0176
p09,79,M0006
p09,80,M0214
p09,81,M0052
p09,82,M0227
p09,83,M0144
p09,84,M0018
p09,85,M0056
p09,86,M0262
p09,87,M0002
p09,88,M0136
p09,89,M0096
p09,90,M0061
p09,91,M0187
p09,92,M0084
p09,93,M0188
p09,94,M0260
p09,95,M0210
p09,96,M0268
p09,97,M0007
p09,98,M0046
p09,99,M0130
p09,100,M0141
p09,101,M0031
p09,102,M0059
p09,103,M0207
p09,104,M0206
p09,105,M0180
p09,106,M0003
p09,107,M0110
p09,108,M0191
p09,109,M0270
p09,110,M0060
p09,111,M0066
p09,112,M0134
p09,113,M0251
p09,114,M0098
p09,115,M0204
p09,116,M0156
p09,117,M0093
p09,118,M0074
p09,119,M0138
p09,120,M0215
p09,121,M0247
p09,122,M0181
p09,123,M0250
p09,124,M0224
p09,125,M0153
p09,126,M0198
p09,127,M0108
p09,128,M0099
p09,129,M0166
p09,130,M0013
p09,131,M0025
p09,132,M0192
p09,133,M0064
p09,134,M0239
p09,135,M0069
p09,136,M0220
p09,137,M0238
p09,138,M0062
p09,139,M0174
p09,140,M0028
p09,141,M0132
p09,142,M0095
p09,143,M0233
p09,144,M0266
p09,145,M0246
p09,146,M0242
p09,147,M0081
p09,148,M0037
p09,149,M0088
p09,150,M0053
p09,151,M0119
p09,152,M0205
p09,153,M0173
p09,154,M0113
p09,155,M0041
p09,156,M0016
p09,157,M0259
p09,158,M0117
p09,159,M0077
p09,160,M0104
p09,161,M0267
p09,162,M0124
p09,163,M0231
p09,164,M0179
p09,165,M0075
p09,166,M0140
p09,167,M0201
p09,168,M0128
p09,169,M0221
p09,170,M0229
p09,171,M0159
p09,172,M0107
p09,173,M0147
p09,174,M0054
p09,175,M0167
p09,176,M0068
p09,177,M0245
p09,178,M0195
p09,179,M0012
p09,180,M0208
p09,181,M0008
p09,182,M0011
p09,183,M0145
p09,184,M0087
p09,185,M0155
p09,186,M0252
p09,187,M0160
p09,188,M0169
p09,189,M0194
p09,190,M0218
p09,191,M0149
p09,192,M0152
p09,193,M0044
p09,194,M0241
p09,195,M0223
p09,196,M0024
p09,197,M0137
p09,198,M0158
p09,199,M0217
p09,200,M0161
p09,201,M0234
p09,202,M0071
p09,203,M0230
p09,204,M0163
p09,205,M0051
p09,206,M0065
p09,207,M0021
p09,208,M0073
p09,209,M0219
p09,210,M0235
p09,211,M0058
p09,212,M0182
p09,213,M0083
p09,214,M0042
p09,215,M0043
p09,216,M0078
p09,217,M0040
p09,218,M0236
p09,219,M0032
p09,220,M0232
p09,221,M0015
p09,222,M0129
p09,223,M0111
p09,224,M0256
p09,225,M0248
p09,226,M0047
p09,227,M0151
p09,228,M0164
p09,229,M0142
p09,230,M0200
p09,231,M0213
p09,232,M0225
p09,233,M0243
p09,234,M0089
p09,235,M0133
p09,236,M0175
p09,237,M0120
p09,238,M0116
p09,239,M0244
p09,240,M0165
p09,241,M0082
p09,242,M0033
p09,243,M0019
p09,244,M0148
p09,245,M0211
p09,246,M0105
p09,247,M0197
p09,248,M0106
p09,249,M0135
p09,250,M0123
p09,251,M0269
p09,252,M0184
p09,253,M0102
p09,254,M0080
p09,255,M0034
p09,256,M0045
p09,257,M0067
p09,258,M0240
p09,259,M0189
p09,260,M0185
p09,261,M0014
p09,262,M0253
p09,263,M0122
p09,264,M0072
p09,265,M0103
p09,266,M0063
p09,267,M0115
p09,268,M0261
p09,269,M0186
p10,0,M0129
p10,1,M0037
p10,2,M0156
p10,3,M0162
p10,4,M0056
p10,5,M0069
p10,6,M0049
p10,7,M0096
p10,8,M0142
p10,9,M0233
p10,10,M0241
p10,11,M0169
p10,12,M0266
p10,13,M0130
p10,14,M0020
p10,15,M0239
p10,16,M0134
p10,17,M0230
p10,18,M0260
p10,19,M0249
p10,20,M0051
p10,21,M0019
p10,22,M0103
p10,23,M0007
p10,24,M0022
p10,25,M0099
p10,26,M0207
p10,27,M0270
p10,28,M0255
p10,29,M0195
p10,30,M0191
p10,31,M0269
p10,32,M0093
p10,33,M0115
p10,34,M0004
p10,35,M0224
p10,36,M0005
p10,37,M0053
p10,38,M0216
p10,39,M0029
p10,40,M0076
p10,41,M0006
p10,42,M0217
p10,43,M0110
p10,44,M0067
p10,45,M0167
p10,46,M0247
p10,47,M0101
p10,48,M0116
p10,49,M0265
p10,50,M0182
p10,51,M0027
p10,52,M0203
p10,53,M0080
p10,54,M0184
p10,55,M0030
p10,56,M0171
p10,57,M0263
p10,58,M0009
p10,59,M0061
p10,60,M0163
p10,61,M0201
p10,62,M0190
p10,63,M0108
p10,64,M0225
p10,65,M0180
p10,66,M0214
p10,67,M0111
p10,68,M0119
p10,69,M0040
p10,70,M0125
p10,71,M0150
p10,72,M0008
p10,73,M0252
p10,74,M0047
p10,75,M0244
p10,76,M0112
p10,77,M0176
p10,78,M0146
p10,79,M0039
p10,80,M0120
p10,81,M0228
p10,82,M0251
p10,83,M0031
p10,84,M0227
p10,85,M0034
p10,86,M0001
p10,87,M0205
p10,88,M0229
p10,89,M0243
p10,90,M0018
p10,91,M0113
p10,92,M0173
p10,93,M0132
p10,94,M0100
p10,95,M0012
p10,96,M0042
p10,97,M0188
p10,98,M0186
p10,99,M0154
p10,100,M0213
p10,101,M0079
p10,102,M0149
p10,103,M0155
p10,104,M0248
p10,105,M0087
p10,106,M0131
p10,107,M0197
p10,108,M0202
p10,109,M0044
p10,110,M0095
p10,111,M0160
p10,112,M0024
p10,113,M0092
p10,114,M0033
p10,115,M0152
p10,116,M0059
p10,117,M0094
p10,118,M0192
p10,119,M0043
p10,120,M0015
p10,121,M0104
p10,122,M0025
p10,123,M0128
p10,124,M0148
p10,125,M0065
p10,126,M0109
p10,127,M0035
p10,128,M0139
p10,129,M0117
p10,130,M0073
p10,131,M0086
p10,132,M0231
p10,133,M0221
p10,134,M0003
p10,135,M0159
p10,136,M0196
p10,137,M0048
p10,138,M0127
p10,139,M0200
p10,140,M0145
p10,141,M0046
p10,142,M0107
p10,143,M0246
p10,144,M0267
p10,145,M0258
p10,146,M0189
p10,147,M0209
p10,148,M0023
p10,149,M0016
p10,150,M0153
p10,151,M0083
p10,152,M0194
p10,153,M0208
p10,154,M0187
p10,155,M0122
p10,156,M0261
p10,157,M0041
p10,158,M0141
p10,159,M0002
p10,160,M0264
p10,161,M0166
p10,162,M0121
p10,163,M0085
p10,164,M0106
p10,165,M0026
p10,166,M0014
p10,167,M0060
p10,168,M0164
p10,169,M0222
p10,170,M0136
p10,171,M0172
p10,172,M0013
p10,173,M0063
p10,174,M0062
p10,175,M0151
p10,176,M0158
p10,177,M0028
p10,178,M0036
p10,179,M0193
p10,180,M0179
p10,181,M0210
p10,182,M0070
p10,183,M0138
p10,184,M0052
p10,185,M0055
p10,186,M0262
p10,187,M0066
p10,188,M0168
p10,189,M0114
p10,190,M0199
p10,191,M0021
p10,192,M0183
p10,193,M0232
p10,194,M0011
p10,195,M0075
p10,196,M0038
p10,197,M0220
p10,198,M0089
p10,199,M0102
p10,200,M0268
p10,201,M0240
p10,202,M0238
p10,203,M0147
p10,204,M0259
p10,205,M0219
p10,206,M0256
p10,207,M0235
p10,208,M0204
p10,209,M0253
p10,210,M0090
p10,211,M0250
p10,212,M0082
p10,213,M0126
p10,214,M0218
p10,215,M0177
p10,216,M0254
p10,217,M0181
p10,218,M0074
p10,219,M0237
p10,220,M0236
p10,221,M0058
p10,222,M0077
p10,223,M0143
p10,224,M0072
p10,225,M0064
p10,226,M0050
p10,227,M0124
p10,228,M0157
p10,229,M0068
p10,230,M0178
p10,231,M0206
p10,232,M0165
p10,233,M0175
p10,234,M0185
p10,235,M0223
p10,236,M0198
p10,237,M0174
p10,238,M0091
p10,239,M0140
p10,240,M0088
p10,241,M0137
p10,242,M0234
p10,243,M0118
p10,244,M0045
p10,245,M0245
p10,246,M0081
p10,247,M0097
p10,248,M0135
p10,249,M0123
p10,250,M0170
p10,251,M0084
p10,252,M0144
p10,253,M0054
p10,254,M0133
p10,255,M0071
p10,256,M0032
p10,257,M0242
p10,258,M0257
p10,259,M0211
p10,260,M0105
p10,261,M0212
p10,262,M0078
p10,263,M0215
p10,264,M0161
p10,265,M0226
p10,266,M0010
p10,267,M0098
p10,268,M0057
p10,269,M0017
p11,0,M0155
p11,1,M0183
p11,2,M0054
p11,3,M0079
p11,4,M0198
p11,5,M0084
p11,6,M0232
p11,7,M0052
p11,8,M0256
p11,9,M0050
p11,10,M0055
p11,11,M0088
p11,12,M0067
p11,13,M0020
p11,14,M0142
p11,15,M0120
p11,16,M0268
p11,17,M0202
p11,18,M0141
p11,19,M0008
p11,20,M0180
p11,21,M0201
p11,22,M0014
p11,23,M0228
p11,24,M0080
p11,25,M0160
p11,26,M0204
p11,27,M0157
p11,28,M0167
p11,29,M0099
p11,30,M0234
p11,31,M0004
p11,32,M0125
p11,33,M0161
p11,34,M0184
p11,35,M0195
p11,36,M0240
p11,37,M0023
p11,38,M0011
p11,39,M0030
p11,40,M0081
p11,41,M0257
p11,42,M0133
p11,43,M0068
p11,44,M0044
p11,45,M0219
p11,46,M0094
p11,47,M0144
p11,48,M0255
p11,49,M0130
p11,50,M0260
p11,51,M0145
p11,52,M0022
p11,53,M0074
p11,54,M0209
p11,55,M0065
p11,56,M0117
p11,57,M0091
p11,58,M0073
p11,59,M0269
p11,60,M0179
p11,61,M0191
p11,62,M0261
p11,63,M0003
p11,64,M0019
p11,65,M0207
p11,66,M0114
p11,67,M0131
p11,68,M0150
p11,69,M0126
p11,70,M0092
p11,71,M0041
p11,72,M0171
p11,73,M0156
p11,74,M0172
p11,75,M0215
p11,76,M0132
p11,77,M0047
p11,78,M0034
p11,79,M0212
p11,80,M0236
p11,81,M0124
p11,82,M0178
p11,83,M0254
p11,84,M0239
p11,85,M0042
p11,86,M0164
p11,87,M0237
p11,88,M0051
p11,89,M0102
p11,90,M0227
p11,91,M0238
p11,92,M0032
p11,93,M0159
p11,94,M0163
p11,95,M0095
p11,96,M0111
p11,97,M0104
p11,98,M0002
p11,99,M0149
p11,100,M0043
p11,101,M0027
p11,102,M0203
p11,103,M0028
p11,104,M0072
p11,105,M0086
p11,106,M0123
p11,107,M0076
p11,108,M0174
p11,109,M0231
p11,110,M0121
p11,111,M0010
p11,112,M0270
p11,113,M0226
p11,114,M0128
p11,115,M0205
p11,116,M0087
p11,117,M0259
p11,118,M0208
p11,119,M0007
p11,120,M0025
p11,121,M0249
p11,122,M0258
p11,123,M0069
p11,124,M0188
p11,125,M0146
p11,126,M0220
p11,127,M0116
p11,128,M0246
p11,129,M0085
p11,130,M0199
p11,131,M0066
p11,132,M0189
p11,133,M0100
p11,134,M0241
p11,135,M0151
p11,136,M0166
p11,137,M0182
p11,138,M0243
p11,139,M0169
p11,140,M0245
p11,141,M0230
p11,142,M0200
p11,143,M0122
p11,144,M0250
p11,145,M0048
p11,146,M0247
p11,147,M0165
p11,148,M0039
p11,149,M0105
p11,150,M0107
p11,151,M0176
p11,152,M0135
p11,153,M0218
p11,154,M0213
p11,155,M0190
p11,156,M0127
p11,157,M0162
p11,158,M0110
p11,159,M0045
p11,160,M0152
p11,161,M0143
p11,162,M0016
p11,163,M0267
p11,164,M0225
p11,165,M0106
p11,166,M0057
p11,167,M0134
p11,168,M0037
p11,169,M0078
p11,170,M0061
p11,171,M0083
p11,172,M0192
p11,173,M0193
p11,174,M0266
p11,175,M0082
p11,176,M0148
p11,177,M0222
p11,178,M0075
p11,179,M0129
p11,180,M0263
p11,181,M0015
p11,182,M0056
p11,183,M0262
p11,184,M0060
p11,185,M0113
p11,186,M0103
p11,187,M0012
p11,188,M0063
p11,189,M0013
p11,190,M0181
p11,191,M0251
p11,192,M0154
p11,193,M0252
p11,194,M0206
p11,195,M0153
p11,196,M0026
p11,197,M0018
p11,198,M0053
p11,199,M0062
p11,200,M0005
p11,201,M0197
p11,202,M0158
p11,203,M0108
p11,204,M0244
p11,205,M0009
p11,206,M0029
p11,207,M0196
p11,208,M0186
p11,209,M0049
p11,210,M0071
p11,211,M0040
p11,212,M0089
p11,213,M0118
p11,214,M0064
p11,215,M0059
p11,216,M0211
p11,217,M0253
p11,218,M0137
p11,219,M0109
p11,220,M0140
p11,221,M0185
p11,222,M0173
p11,223,M0119
p11,224,M0077
p11,225,M0006
p11,226,M0194
p11,227,M0001
p11,228,M0214
p11,229,M0058
p11,230,M0187
p11,231,M0265
p11,232,M0136
p11,233,M0101
p11,234,M0138
p11,235,M0046
p11,236,M0264
p11,237,M0090
p11,238,M0221
p11,239,M0168
p11,240,M0035
p11,241,M0139
p11,242,M0224
p11,243,M0170
p11,244,M0175
p11,245,M0021
p11,246,M0248
p11,247,M0097
p11,248,M0233
p11,249,M0235
p11,250,M0223
p11,251,M0115
p11,252,M0098
p11,253,M0229
p11,254,M0096
p11,255,M0216
p11,256,M0070
p11,257,M0093
p11,258,M0210
p11,259,M0147
p11,260,M0017
p11,261,M0242
p11,262,M0036
p11,263,M0031
p11,264,M0033
p11,265,M0177
p11,266,M0217
p11,267,M0024
p11,268,M0038
p11,269,M0112
p12,0,M0065
p12,1,M0006
p12,2,M0105
p12,3,M0251
p12,4,M0121
p12,5,M0017
p12,6,M0119
p12,7,M0194
p12,8,M0199
p12,9,M0213
p12,10,M0080
p12,11,M0143
p12,12,M0241
p12,13,M0029
p12,14,M0131
p12,15,M0261
p12,16,M0127
p12,17,M0086
p12,18,M0132
p12,19,M0198
p12,20,M0172
p12,21,M0144
p12,22,M0135
p12,23,M0228
p12,24,M0226
p12,25,M0270
p12,26,M0109
p12,27,M0230
p12,28,M0007
p12,29,M0259
p12,30,M0052
p12,31,M0030
p12,32,M0110
p12,33,M0107
p12,34,M0083
p12,35,M0229
p12,36,M0138
p12,37,M0068
p12,38,M0073
p12,39,M0223
p12,40,M0248
p12,41,M0016
p12,42,M0238
p12,43,M0216
p12,44,M0041
p12,45,M0267
p12,46,M0090
p12,47,M0133
p12,48,M0239
p12,49,M0117
p12,50,M0061
p12,51,M0031
p12,52,M0013
p12,53,M0045
p12,54,M0075
p12,55,M0244
p12,56,M0171
p12,57,M0206
p12,58,M0103
p12,59,M0113
p12,60,M0078
p12,61,M0249
p12,62,M0108
p12,63,M0087
p12,64,M0106
p12,65,M0057
p12,66,M0186
p12,67,M0156
p12,68,M0043
p12,69,M0051
p12,70,M0001
p12,71,M0165
p12,72,M0095
p12,73,M0210
p12,74,M0159
p12,75,M0184
p12,76,M0115
p12,77,M0091
p12,78,M0266
p12,79,M0033
p12,80,M0047
p12,81,M0010
p12,82,M0187
p12,83,M0235
p12,84,M0197
p12,85,M0227
p12,86,M0056
p12,87,M0254
p12,88,M0240
p12,89,M0148
p12,90,M0149
p12,91,M0094
p12,92,M0039
p12,93,M0035
p12,94,M0018
p12,95,M0181
p12,96,M0049
p12,97,M0170
p12,98,M0269
p12,99,M0067
p12,100,M0074
p12,101,M0032
p12,102,M0125
p12,103,M0134
p12,104,M0215
p12,105,M0157
p12,106,M0173
p12,107,M0123
p12,108,M0038
p12,109,M0257
p12,110,M0263
p12,111,M0224
p12,112,M0189
p12,113,M0101
p12,114,M0161
p12,115,M0190
p12,116,M0120
p12,117,M0071
p12,118,M0200
p12,119,M0208
p12,120,M0004
p12,121,M0175
p12,122,M0053
p12,123,M0066
p12,124,M0160
p12,125,M0205
p12,126,M0247
p12,127,M0202
p12,128,M0154
p12,129,M0023
p12,130,M0034
p12,131,M0027
p12,132,M0162
p12,133,M0256
p12,134,M0114
p12,135,M0079
p12,136,M0002
p12,137,M0236
p12,138,M0028
p12,139,M0093
p12,140,M0082
p12,141,M0185
p12,142,M0188
p12,143,M0152
p12,144,M0040
p12,145,M0069
p12,146,M0196
p12,147,M0019
p12,148,M0064
p12,149,M0076
p12,150,M0225
p12,151,M0234
p12,152,M0150
p12,153,M0048
p12,154,M0111
p12,155,M0233
p12,156,M0232
p12,157,M0265
p12,158,M0214
p12,159,M0126
p12,160,M0116
p12,161,M0209
p12,162,M0163
p12,163,M0008
p12,164,M0084
p12,165,M0192
p12,166,M0153
p12,167,M0158
p12,168,M0155
p12,169,M0088
p12,170,M0191
p12,171,M0060
p12,172,M0222
p12,173,M0026
p12,174,M0014
p12,175,M0089
p12,176,M0129
p12,177,M0242
p12,178,M0177
p12,179,M0036
p12,180,M0260
p12,181,M0219
p12,182,M0139
p12,183,M0174
p12,184,M0100
p12,185,M0211
p12,186,M0062
p12,187,M0203
p12,188,M0042
p12,189,M0253
p12,190,M0207
p12,191,M0102
p12,192,M0183
p12,193,M0193
p12,194,M0037
p12,195,M0151
p12,196,M0054
p12,197,M0005
p12,198,M0081
p12,199,M0046
p12,200,M0237
p12,201,M0169
p12,202,M0243
p12,203,M0140
p12,204,M0072
p12,205,M0245
p12,206,M0020
p12,207,M0012
p12,208,M0070
p12,209,M0231
p12,210,M0146
p12,211,M0178
p12,212,M0264
p12,213,M0059
p12,214,M0011
p12,215,M0136
p12,216,M0025
p12,217,M0250
p12,218,M0085
p12,219,M0201
p12,220,M0166
p12,221,M0112
p12,222,M0217
p12,223,M0128
p12,224,M0022
p12,225,M0044
p12,226,M0180
p12,227,M0003
p12,228,M0164
p12,229,M0015
p12,230,M0122
p12,231,M0142
p12,232,M0097
p12,233,M0098
p12,234,M0252
p12,235,M0024
p12,236,M0268
p12,237,M0195
p12,238,M0167
p12,239,M0220
p12,240,M0168
p12,241,M0255
p12,242,M0218
p12,243,M0212
p12,244,M0176
p12,245,M0262
p12,246,M0058
p12,247,M0179
p12,248,M0063
p12,249,M0145
p12,250,M0118
p12,251,M0104
p12,252,M0246
p12,253,M0096
p12,254,M0021
p12,255,M0204
p12,256,M0137
p12,257,M0182
p12,258,M0130
p12,259,M0099
p12,260,M0124
p12,261,M0077
p12,262,M0050
p12,263,M0055
p12,264,M0092
p12,265,M0221
p12,266,M0258
p12,267,M0009
p12,268,M0147
p12,269,M0141
